corpus,n,pearson_raw,spearman_raw,cohen_kappa_passfail,mae_raw,mae_grade_points,calibration_offset_raw,calibration_offset_grade_points,mae_raw_bias_corrected,mae_grade_points_bias_corrected,source
human-authored,30,0.7858830813029694,0.7302470690551919,0.6666666666666667,14.961111111111112,3.566666666666667,11.905555555555559,2.677777777777778,10.978518518518518,2.9244444444444446,rq5_judge_vs_human
LLM-generated,15,0.6838727027834426,0.481216457960644,0.2500000000000001,23.333333333333332,5.044444444444443,21.866666666666667,4.688888888888888,12.137777777777776,2.9985185185185186,rq5_judge_on_llm_solutions
