subset,n_annotations,k_raters,icc_2_1_raw,icc_2_k_raw,icc_2_1_grade_points,icc_2_k_grade_points,mean_within_ann_spread_raw,mean_within_ann_spread_grade_points
All blind picks (pooled),45,3,0.6326770875030846,0.8378518835819944,0.5568295788373037,0.7903302339199,23.877777777777776,5.2444444444444445
human_traditional,15,3,0.7080323494247025,0.8791556986390554,0.6229036083347455,0.8320887078524556,21.566666666666666,4.333333333333333
human_co_creation,15,3,0.45539207177351554,0.7149819721575057,0.3859573151871326,0.6534580874908354,27.566666666666666,6.666666666666667
llm_system,15,3,0.6894829327688075,0.869473929101114,0.6151236749116611,0.8274288611445594,22.5,4.733333333333333
