{
  "_sources": {
    "real_export": "Benchathon-tasks-2026-05-23.json",
    "korrektur_sidecar": "korrektur_grades_sidecar.json",
    "n_annotations_with_judge": 220,
    "n_solutions_with_blind_human_grades": 45,
    "n_canonical_grade_rows": 180
  },
  "rq3_metric_correlation": {
    "bleu": {
      "n": 208,
      "pearson_vs_judge_raw": 0.5634786403504647,
      "spearman_vs_judge_raw": 0.5842424405188397
    },
    "meteor": {
      "n": 208,
      "pearson_vs_judge_raw": 0.6066150363694481,
      "spearman_vs_judge_raw": 0.5942260424768305
    },
    "rouge": {
      "n": 149,
      "pearson_vs_judge_raw": 0.5618585475522403,
      "spearman_vs_judge_raw": 0.5243868010826821
    },
    "semantic_similarity": {
      "n": 200,
      "pearson_vs_judge_raw": 0.2833260845736071,
      "spearman_vs_judge_raw": 0.2954274759685626
    },
    "bertscore": {
      "n": 208,
      "pearson_vs_judge_raw": 0.3753806340716964,
      "spearman_vs_judge_raw": 0.37791311070732075
    },
    "moverscore": {
      "n": 208,
      "pearson_vs_judge_raw": 0.5074238764074179,
      "spearman_vs_judge_raw": 0.48752467107289427
    },
    "coherence": {
      "n": 180,
      "pearson_vs_judge_raw": -0.2775229451464717,
      "spearman_vs_judge_raw": -0.2905746098839467
    }
  },
  "rq3_metric_correlation_humans": {
    "classic": {
      "bleu": {
        "n": 65,
        "pearson_vs_judge_raw": 0.4207176904456015,
        "spearman_vs_judge_raw": 0.4631259351863052
      },
      "meteor": {
        "n": 65,
        "pearson_vs_judge_raw": 0.3864470209158241,
        "spearman_vs_judge_raw": 0.3369877880999242
      },
      "semantic_similarity": {
        "n": 16,
        "pearson_vs_judge_raw": 0.7081104705439989,
        "spearman_vs_judge_raw": 0.3979367329577922
      },
      "rouge": {
        "n": 65,
        "pearson_vs_judge_raw": 0.6315268492038174,
        "spearman_vs_judge_raw": 0.5644955344999184
      },
      "moverscore": {
        "n": 16,
        "pearson_vs_judge_raw": 0.7664806721466056,
        "spearman_vs_judge_raw": 0.3375093031382756
      },
      "coherence": {
        "n": 65,
        "pearson_vs_judge_raw": -0.24844419834381065,
        "spearman_vs_judge_raw": -0.21174594327186932
      }
    },
    "cocreation": {
      "coherence": {
        "n": 155,
        "pearson_vs_judge_raw": -0.3471102836930922,
        "spearman_vs_judge_raw": -0.3547357112025165
      },
      "bleu": {
        "n": 155,
        "pearson_vs_judge_raw": 0.5034518052649855,
        "spearman_vs_judge_raw": 0.4063898814183836
      },
      "meteor": {
        "n": 155,
        "pearson_vs_judge_raw": 0.64045839877033,
        "spearman_vs_judge_raw": 0.6071239098328742
      },
      "semantic_similarity": {
        "n": 29,
        "pearson_vs_judge_raw": 0.2012104414897133,
        "spearman_vs_judge_raw": 0.42327868493686605
      },
      "rouge": {
        "n": 155,
        "pearson_vs_judge_raw": 0.3776647470475302,
        "spearman_vs_judge_raw": 0.19249605800772798
      },
      "moverscore": {
        "n": 28,
        "pearson_vs_judge_raw": 0.7397677116527177,
        "spearman_vs_judge_raw": 0.565782238578707
      }
    }
  },
  "rq4_cocreation": {
    "n_traditional": 65,
    "n_co_creation": 155,
    "mean_traditional": 62.3,
    "mean_co_creation": 82.2258064516129,
    "mean_diff_ai_minus_trad": 19.9258064516129,
    "ci95_lo": 15.17394540942928,
    "ci95_hi": 24.640694789081884
  },
  "rq4_cocreation_by_bereich": {
    "Zivilrecht": {
      "n_traditional": 24,
      "n_co_creation": 51,
      "mean_traditional": 59.458333333333336,
      "mean_co_creation": 83.02941176470588,
      "mean_diff_ai_minus_trad": 23.57107843137255,
      "ci95_lo": 14.291666666666671,
      "ci95_hi": 33.24632352941177
    },
    "Strafrecht": {
      "n_traditional": 22,
      "n_co_creation": 53,
      "mean_traditional": 63.97727272727273,
      "mean_co_creation": 78.30188679245283,
      "mean_diff_ai_minus_trad": 14.324614065180107,
      "ci95_lo": 8.637221269296731,
      "ci95_hi": 20.204974271012013
    },
    "Öffentliches Recht": {
      "n_traditional": 19,
      "n_co_creation": 51,
      "mean_traditional": 63.94736842105263,
      "mean_co_creation": 85.5,
      "mean_diff_ai_minus_trad": 21.55263157894737,
      "ci95_lo": 14.235810113519094,
      "ci95_hi": 28.982456140350884
    }
  },
  "rq4_cocreation_blind_human": {
    "n_traditional": 15,
    "n_co_creation": 15,
    "mean_traditional": 51.05555555555556,
    "mean_co_creation": 64.63333333333333,
    "mean_diff_ai_minus_trad": 13.577777777777769,
    "ci95_lo": 0.5333333333333314,
    "ci95_hi": 26.65555555555555
  },
  "rq5_judge_vs_human": {
    "n_annotations": 30,
    "pearson_raw": 0.7837420876144792,
    "spearman_raw": 0.731582479727039,
    "mae_raw": 14.727777777777778,
    "mae_grade_points": 3.5444444444444447,
    "passfail_cohen_kappa": 0.6666666666666666,
    "mean_judge_raw": 69.51666666666667,
    "mean_human_raw_mean": 57.84444444444444
  },
  "rq5_human_irr": {
    "n_annotations": 45,
    "k_raters": 3,
    "icc_2_1_raw": 0.6326770875030844,
    "icc_2_k_raw": 0.8378518835819941,
    "icc_2_1_grade_points": 0.5568295788373031,
    "icc_2_k_grade_points": 0.7903302339198995,
    "mean_within_ann_spread_raw": 23.877777777777776,
    "mean_within_ann_spread_grade_points": 5.2444444444444445,
    "mean_judge_human_dev_vs_human_human_dev_ratio": 1.2335970218706376,
    "max_k_subset": {
      "n_annotations": 45,
      "k_raters": 3,
      "icc_2_1_raw": 0.6326770875030844,
      "icc_2_k_raw": 0.8378518835819941,
      "icc_2_1_grade_points": 0.5568295788373031,
      "icc_2_k_grade_points": 0.7903302339198995
    }
  },
  "rq5_dim": {
    "ergebnisrichtigkeit": {
      "n": 30,
      "pearson_judge_vs_mean_human": 0.8096799358206538,
      "mae_dim_points": 3.022222222222222
    },
    "vollstaendigkeit": {
      "n": 30,
      "pearson_judge_vs_mean_human": 0.791858208379582,
      "mae_dim_points": 1.9555555555555557
    },
    "rechtsgrundlagen": {
      "n": 30,
      "pearson_judge_vs_mean_human": 0.6289014084170484,
      "mae_dim_points": 2.0
    },
    "rechtskenntnis": {
      "n": 30,
      "pearson_judge_vs_mean_human": 0.7489073368750448,
      "mae_dim_points": 2.1888888888888887
    },
    "subsumtion": {
      "n": 30,
      "pearson_judge_vs_mean_human": 0.7214340929701556,
      "mae_dim_points": 2.238888888888889
    },
    "schwerpunktsetzung": {
      "n": 30,
      "pearson_judge_vs_mean_human": 0.6371031834866204,
      "mae_dim_points": 2.238888888888889
    },
    "methodischer_stil": {
      "n": 30,
      "pearson_judge_vs_mean_human": 0.6163618782295148,
      "mae_dim_points": 1.6388888888888888
    },
    "gliederung": {
      "n": 30,
      "pearson_judge_vs_mean_human": 0.5512886093843804,
      "mae_dim_points": 0.9444444444444444
    },
    "sprache": {
      "n": 30,
      "pearson_judge_vs_mean_human": 0.547677388571814,
      "mae_dim_points": 0.49444444444444446
    },
    "formalia": {
      "n": 30,
      "pearson_judge_vs_mean_human": 0.4468021933186548,
      "mae_dim_points": 0.37222222222222223
    }
  },
  "rq5_calderon": {
    "n_pairs_judge_substituted": 30,
    "n_pairs_human_leave_one_out": 30,
    "pearson_judge_substituted_vs_full_human": 0.9637292834514947,
    "spearman_judge_substituted_vs_full_human": 0.9558349152482949,
    "pearson_human_LOO_vs_full_human": 0.9574527873385273,
    "spearman_human_LOO_vs_full_human": 0.9485981308411215,
    "k_ge_3_subset": {
      "n_pairs": 30,
      "pearson_judge_substituted_vs_full_human": 0.9637292834514947,
      "spearman_judge_substituted_vs_full_human": 0.9558349152482949,
      "pearson_human_LOO_vs_full_human": 0.9574527873385273,
      "spearman_human_LOO_vs_full_human": 0.9485981308411215
    }
  },
  "rq5_judge_repeats": {
    "n_generations_with_repeats": 208,
    "mean_within_gen_stdev": 2.511572582653149
  },