{
  "coverage": {
    "Qwen/Qwen3-235B-A22B-Thinking-2507": 28,
    "Qwen/Qwen3.5-122B-A10B": 15,
    "Qwen/Qwen3.6-35B-A3B": 15,
    "claude-opus-4-7": 15,
    "claude-sonnet-4-6": 15,
    "deepseek-ai/DeepSeek-V4-Flash": 15,
    "deepseek-ai/DeepSeek-V4-Pro": 15,
    "gemini-3.1-flash-lite-preview": 15,
    "gemini-3.1-pro-preview": 15,
    "gpt-5.4": 30,
    "gpt-5.4-mini": 15,
    "meta-llama/Llama-4-Maverick-17B-128E-Instruct-FP8": 14
  },
  "per_judge_per_system": {
    "gpt-5.4-mini": {
      "Qwen/Qwen3-235B-A22B-Thinking-2507": {
        "n": 28,
        "mean_raw": 41.285714285714285,
        "pass_rate": 0.17857142857142858
      },
      "Qwen/Qwen3.5-122B-A10B": {
        "n": 15,
        "mean_raw": 49.4,
        "pass_rate": 0.4
      },
      "Qwen/Qwen3.6-35B-A3B": {
        "n": 15,
        "mean_raw": 42.4,
        "pass_rate": 0.26666666666666666
      },
      "claude-opus-4-7": {
        "n": 15,
        "mean_raw": 69.33333333333333,
        "pass_rate": 0.9333333333333333
      },
      "claude-sonnet-4-6": {
        "n": 15,
        "mean_raw": 58.86666666666667,
        "pass_rate": 0.7333333333333333
      },
      "deepseek-ai/DeepSeek-V4-Flash": {
        "n": 15,
        "mean_raw": 49.333333333333336,
        "pass_rate": 0.4666666666666667
      },
      "deepseek-ai/DeepSeek-V4-Pro": {
        "n": 15,
        "mean_raw": 56.06666666666667,
        "pass_rate": 0.6666666666666666
      },
      "gemini-3.1-flash-lite-preview": {
        "n": 15,
        "mean_raw": 63.53333333333333,
        "pass_rate": 0.8666666666666667
      },
      "gemini-3.1-pro-preview": {
        "n": 15,
        "mean_raw": 68.3,
        "pass_rate": 0.9333333333333333
      },
      "gpt-5.4": {
        "n": 30,
        "mean_raw": 68.2,
        "pass_rate": 0.9666666666666667
      },
      "gpt-5.4-mini": {
        "n": 15,
        "mean_raw": 58.6,
        "pass_rate": 0.7333333333333333
      },
      "meta-llama/Llama-4-Maverick-17B-128E-Instruct-FP8": {
        "n": 14,
        "mean_raw": 37.714285714285715,
        "pass_rate": 0.21428571428571427
      }
    },
    "claude-opus-4-7": {
      "Qwen/Qwen3-235B-A22B-Thinking-2507": {
        "n": 28,
        "mean_raw": 30.714285714285715,
        "pass_rate": 0.07142857142857142
      },
      "Qwen/Qwen3.5-122B-A10B": {
        "n": 15,
        "mean_raw": 42.766666666666666,
        "pass_rate": 0.26666666666666666
      },
      "Qwen/Qwen3.6-35B-A3B": {
        "n": 15,
        "mean_raw": 31.5,
        "pass_rate": 0.13333333333333333
      },
      "claude-opus-4-7": {
        "n": 15,
        "mean_raw": 71.73333333333333,
        "pass_rate": 1.0
      },
      "claude-sonnet-4-6": {
        "n": 15,
        "mean_raw": 65.96666666666667,
        "pass_rate": 1.0
      },
      "deepseek-ai/DeepSeek-V4-Flash": {
        "n": 15,
        "mean_raw": 47.766666666666666,
        "pass_rate": 0.4666666666666667
      },
      "deepseek-ai/DeepSeek-V4-Pro": {
        "n": 15,
        "mean_raw": 56.9,
        "pass_rate": 0.6666666666666666
      },
      "gemini-3.1-flash-lite-preview": {
        "n": 15,
        "mean_raw": 63.06666666666667,
        "pass_rate": 0.9333333333333333
      },
      "gemini-3.1-pro-preview": {
        "n": 15,
        "mean_raw": 68.36666666666666,
        "pass_rate": 0.8666666666666667
      },
      "gpt-5.4": {
        "n": 30,
        "mean_raw": 69.58333333333333,
        "pass_rate": 0.9666666666666667
      },
      "gpt-5.4-mini": {
        "n": 15,
        "mean_raw": 51.13333333333333,
        "pass_rate": 0.4666666666666667
      },
      "meta-llama/Llama-4-Maverick-17B-128E-Instruct-FP8": {
        "n": 14,
        "mean_raw": 29.0,
        "pass_rate": 0.07142857142857142
      }
    },
    "claude-sonnet-4-6": {
      "Qwen/Qwen3-235B-A22B-Thinking-2507": {
        "n": 28,
        "mean_raw": 41.25,
        "pass_rate": 0.17857142857142858
      },
      "Qwen/Qwen3.5-122B-A10B": {
        "n": 15,
        "mean_raw": 48.5,
        "pass_rate": 0.5333333333333333
      },
      "Qwen/Qwen3.6-35B-A3B": {
        "n": 15,
        "mean_raw": 44.2,
        "pass_rate": 0.4
      },
      "claude-opus-4-7": {
        "n": 15,
        "mean_raw": 74.66666666666667,
        "pass_rate": 1.0
      },
      "claude-sonnet-4-6": {
        "n": 15,
        "mean_raw": 70.3,
        "pass_rate": 1.0
      },
      "deepseek-ai/DeepSeek-V4-Flash": {
        "n": 15,
        "mean_raw": 55.3,
        "pass_rate": 0.6666666666666666
      },
      "deepseek-ai/DeepSeek-V4-Pro": {
        "n": 15,
        "mean_raw": 62.53333333333333,
        "pass_rate": 0.9333333333333333
      },
      "gemini-3.1-flash-lite-preview": {
        "n": 15,
        "mean_raw": 67.1,
        "pass_rate": 1.0
      },
      "gemini-3.1-pro-preview": {
        "n": 15,
        "mean_raw": 69.63333333333334,
        "pass_rate": 0.9333333333333333
      },
      "gpt-5.4": {
        "n": 30,
        "mean_raw": 71.9,
        "pass_rate": 0.9666666666666667
      },
      "gpt-5.4-mini": {
        "n": 15,
        "mean_raw": 57.3,
        "pass_rate": 0.7333333333333333
      },
      "meta-llama/Llama-4-Maverick-17B-128E-Instruct-FP8": {
        "n": 14,
        "mean_raw": 36.964285714285715,
        "pass_rate": 0.07142857142857142
      }
    },
    "gemini-3.1-pro-preview": {
      "Qwen/Qwen3-235B-A22B-Thinking-2507": {
        "n": 28,
        "mean_raw": 43.05357142857143,
        "pass_rate": 0.2857142857142857
      },
      "Qwen/Qwen3.5-122B-A10B": {
        "n": 15,
        "mean_raw": 54.6,
        "pass_rate": 0.6666666666666666
      },
      "Qwen/Qwen3.6-35B-A3B": {
        "n": 15,
        "mean_raw": 40.233333333333334,
        "pass_rate": 0.3333333333333333
      },
      "claude-opus-4-7": {
        "n": 15,
        "mean_raw": 82.83333333333333,
        "pass_rate": 1.0
      },
      "claude-sonnet-4-6": {
        "n": 15,
        "mean_raw": 75.9,
        "pass_rate": 1.0
      },
      "deepseek-ai/DeepSeek-V4-Flash": {
        "n": 15,
        "mean_raw": 62.233333333333334,
        "pass_rate": 0.8
      },
      "deepseek-ai/DeepSeek-V4-Pro": {
        "n": 15,
        "mean_raw": 70.13333333333334,
        "pass_rate": 0.9333333333333333
      },
      "gemini-3.1-flash-lite-preview": {
        "n": 15,
        "mean_raw": 82.0,
        "pass_rate": 1.0
      },
      "gemini-3.1-pro-preview": {
        "n": 15,
        "mean_raw": 81.66666666666667,
        "pass_rate": 0.9333333333333333
      },
      "gpt-5.4": {
        "n": 30,
        "mean_raw": 80.93333333333334,
        "pass_rate": 1.0
      },
      "gpt-5.4-mini": {
        "n": 15,
        "mean_raw": 60.333333333333336,
        "pass_rate": 0.7333333333333333
      },
      "meta-llama/Llama-4-Maverick-17B-128E-Instruct-FP8": {
        "n": 14,
        "mean_raw": 37.82142857142857,
        "pass_rate": 0.07142857142857142
      }
    },
    "deepseek-ai/DeepSeek-V4-Pro": {
      "Qwen/Qwen3-235B-A22B-Thinking-2507": {
        "n": 28,
        "mean_raw": 36.142857142857146,
        "pass_rate": 0.17857142857142858
      },
      "Qwen/Qwen3.5-122B-A10B": {
        "n": 15,
        "mean_raw": 49.56666666666667,
        "pass_rate": 0.4666666666666667
      },
      "Qwen/Qwen3.6-35B-A3B": {
        "n": 15,
        "mean_raw": 40.666666666666664,
        "pass_rate": 0.2
      },
      "claude-opus-4-7": {
        "n": 15,
        "mean_raw": 76.5,
        "pass_rate": 0.9333333333333333
      },
      "claude-sonnet-4-6": {
        "n": 15,
        "mean_raw": 74.56666666666666,
        "pass_rate": 0.9333333333333333
      },
      "deepseek-ai/DeepSeek-V4-Flash": {
        "n": 15,
        "mean_raw": 52.86666666666667,
        "pass_rate": 0.4666666666666667
      },
      "deepseek-ai/DeepSeek-V4-Pro": {
        "n": 15,
        "mean_raw": 60.5,
        "pass_rate": 0.6
      },
      "gemini-3.1-flash-lite-preview": {
        "n": 15,
        "mean_raw": 68.1,