{
  "bleu": {
    "n": 6365,
    "pearson_vs_judge_raw": 0.13470338453964598,
    "spearman_vs_judge_raw": 0.19691082577926164
  },
  "rouge": {
    "n": 6365,
    "pearson_vs_judge_raw": 0.24900415043019647,
    "spearman_vs_judge_raw": 0.3068928773830434
  },
  "meteor": {
    "n": 6365,
    "pearson_vs_judge_raw": 0.278880289178694,
    "spearman_vs_judge_raw": 0.38711648635064944
  },
  "semantic_similarity": {
    "n": 6365,
    "pearson_vs_judge_raw": 0.15258950407101746,
    "spearman_vs_judge_raw": 0.18700002914556102
  },
  "bertscore": {
    "n": 6365,
    "pearson_vs_judge_raw": 0.260052594916624,
    "spearman_vs_judge_raw": 0.32171590429913605
  },
  "moverscore": {
    "n": 6365,
    "pearson_vs_judge_raw": 0.12308043222910969,
    "spearman_vs_judge_raw": 0.14092305258270463
  },
  "chrf": {
    "n": 6365,
    "pearson_vs_judge_raw": 0.32600865706961285,
    "spearman_vs_judge_raw": 0.42067519058495284
  }
}