{
  "by_tier": {
    "flagship": {
      "n_systems": 4,
      "mean_raw": 82.06465462104254,
      "min": 80.32641509433962,
      "max": 83.22222222222223
    },
    "open_reference": {
      "n_systems": 6,
      "mean_raw": 70.16775239793581,
      "min": 67.32297551789077,
      "max": 73.53578154425612
    },
    "efficiency": {
      "n_systems": 2,
      "mean_raw": 72.55037664783427,
      "min": 71.75141242937853,
      "max": 73.34934086629002
    }
  },
  "by_weights": {
    "closed": {
      "n_systems": 6,
      "mean_raw": 78.89322862997312,
      "min": 71.75141242937853,
      "max": 83.22222222222223
    },
    "open": {
      "n_systems": 6,
      "mean_raw": 70.16775239793581,
      "min": 67.32297551789077,
      "max": 73.53578154425612
    }
  },
  "by_provider": {
    "Google": {
      "n_systems": 2,
      "mean_raw": 78.28578154425612,
      "min": 73.34934086629002,
      "max": 83.22222222222223
    },
    "Anthropic": {
      "n_systems": 2,
      "mean_raw": 82.35499058380415,
      "min": 81.57909604519774,
      "max": 83.13088512241055
    },
    "OpenAI": {
      "n_systems": 2,
      "mean_raw": 76.03891376185908,
      "min": 71.75141242937853,
      "max": 80.32641509433962
    },
    "DeepSeek": {
      "n_systems": 2,
      "mean_raw": 72.14194737590165,
      "min": 70.74811320754716,
      "max": 73.53578154425612
    },
    "Meta": {
      "n_systems": 1,
      "mean_raw": 70.0668549905838,
      "min": 70.0668549905838,
      "max": 70.0668549905838
    },
    "Alibaba": {
      "n_systems": 3,
      "mean_raw": 68.88525488174261,
      "min": 67.32297551789077,
      "max": 69.84220532319392
    }
  }
}