{
  "by_tier": {
    "flagship": {
      "n_systems": 4,
      "mean_raw": 82.81715063520872,
      "min": 81.75952813067151,
      "max": 84.30127041742287
    },
    "open_reference": {
      "n_systems": 6,
      "mean_raw": 71.92894114757999,
      "min": 70.19509981851179,
      "max": 75.02450090744102
    },
    "efficiency": {
      "n_systems": 2,
      "mean_raw": 73.69464609800363,
      "min": 72.78221415607986,
      "max": 74.6070780399274
    }
  },
  "by_weights": {
    "closed": {
      "n_systems": 6,
      "mean_raw": 79.77631578947368,
      "min": 72.78221415607986,
      "max": 84.30127041742287
    },
    "open": {
      "n_systems": 6,
      "mean_raw": 71.92894114757999,
      "min": 70.19509981851179,
      "max": 75.02450090744102
    }
  },
  "by_provider": {
    "Anthropic": {
      "n_systems": 2,
      "mean_raw": 83.34664246823957,
      "min": 82.39201451905626,
      "max": 84.30127041742287
    },
    "Google": {
      "n_systems": 2,
      "mean_raw": 78.7114337568058,
      "min": 74.6070780399274,
      "max": 82.8157894736842
    },
    "OpenAI": {
      "n_systems": 2,
      "mean_raw": 77.27087114337569,
      "min": 72.78221415607986,
      "max": 81.75952813067151
    },
    "DeepSeek": {
      "n_systems": 2,
      "mean_raw": 73.09088681735687,
      "min": 71.15727272727273,
      "max": 75.02450090744102
    },
    "Alibaba": {
      "n_systems": 3,
      "mean_raw": 71.36595412049132,
      "min": 70.19509981851179,
      "max": 72.41833030852995
    },
    "Meta": {
      "n_systems": 1,
      "mean_raw": 71.2940108892922,
      "min": 71.2940108892922,
      "max": 71.2940108892922
    }
  }
}