metric,metric_label,benchathon_llm__pearson,benchathon_llm__spearman,benchathon_llm__n,zjs_llm__pearson,zjs_llm__spearman,zjs_llm__n,grundprinzipien_llm__pearson,grundprinzipien_llm__spearman,grundprinzipien_llm__n,benchathon_human_trad__pearson,benchathon_human_trad__spearman,benchathon_human_trad__n,benchathon_human_cocreat__pearson,benchathon_human_cocreat__spearman,benchathon_human_cocreat__n
bleu,BLEU,0.581734,0.615011,208,0.426497,0.514764,8031,0.134703,0.196911,6365,0.349109,0.452187,65,0.272246,0.183690,155
rouge,ROUGE,0.683588,0.655184,416,0.556879,0.545991,8031,0.249004,0.306893,6365,0.613768,0.625861,65,0.374632,0.219771,155
meteor,METEOR,0.608156,0.600883,208,0.475136,0.508844,8031,0.278880,0.387116,6365,0.272247,0.310826,65,0.361272,0.278273,155
chrf,chrF,,,,,,,0.326009,0.420675,6365,,,,,,
bertscore,BERTScore,0.465174,0.449187,208,0.387360,0.365442,8031,0.260053,0.321716,6365,,,,,,
moverscore,MoverScore,0.588630,0.564048,208,0.519801,0.557634,8024,0.123080,0.140923,6365,0.375159,0.402358,16,0.610022,0.448857,28
semantic_similarity,Semantic similarity,0.327118,0.309536,208,0.192256,0.190175,8031,0.152590,0.187000,6365,0.197858,0.070744,16,0.365378,0.464383,29
coherence,Coherence,-0.222590,-0.173750,180,,,,,,,-0.180052,-0.179434,65,-0.304855,-0.281257,155
