{
  "human_authored": {
    "label": "Human-authored picks",
    "n": 30,
    "sw_full": {
      "W": 0.9417376539137023,
      "p": 0.10131267718147874
    },
    "sw_sub": {
      "W": 0.9419784285810151,
      "p": 0.10283807189709472
    },
    "sw_diff": {
      "W": 0.979881469994595,
      "p": 0.8223930294824768
    },
    "diff_mean": 4.094444444444445,
    "diff_sd": 4.7598825071089195,
    "ttest_paired": {
      "t": 4.711501973682255,
      "p": 5.6527708392921975e-05
    }
  },
  "llm_generated": {
    "label": "LLM-generated picks",
    "n": 15,
    "sw_full": {
      "W": 0.9041922180698836,
      "p": 0.11031483073312354
    },
    "sw_sub": {
      "W": 0.9029168727824195,
      "p": 0.10546561763322648
    },
    "sw_diff": {
      "W": 0.9462902069146547,
      "p": 0.4680289816244191
    },
    "diff_mean": 8.277777777777779,
    "diff_sd": 7.141335816825675,
    "ttest_paired": {
      "t": 4.48931352610578,
      "p": 0.0005095104899176104
    }
  }
}