{
  "bleu": {
    "n": 8031,
    "pearson_vs_judge_raw": 0.4264972873425847,
    "spearman_vs_judge_raw": 0.5147638968765482
  },
  "rouge": {
    "n": 8031,
    "pearson_vs_judge_raw": 0.5568792325963146,
    "spearman_vs_judge_raw": 0.5459907395831625
  },
  "meteor": {
    "n": 8031,
    "pearson_vs_judge_raw": 0.4751355921856886,
    "spearman_vs_judge_raw": 0.5088443145065591
  },
  "semantic_similarity": {
    "n": 8031,
    "pearson_vs_judge_raw": 0.192256313031065,
    "spearman_vs_judge_raw": 0.1901749500343951
  },
  "bertscore": {
    "n": 8031,
    "pearson_vs_judge_raw": 0.3873602128751211,
    "spearman_vs_judge_raw": 0.36544153261959766
  },
  "moverscore": {
    "n": 8024,
    "pearson_vs_judge_raw": 0.5198007807958914,
    "spearman_vs_judge_raw": 0.5576343349505376
  }
}