{
  "bleu": {
    "n": 7954,
    "pearson_vs_judge_raw": 0.34490433338910015,
    "spearman_vs_judge_raw": 0.40733808016282413
  },
  "rouge": {
    "n": 7954,
    "pearson_vs_judge_raw": 0.41731572150388796,
    "spearman_vs_judge_raw": 0.37986884157545475
  },
  "meteor": {
    "n": 7954,
    "pearson_vs_judge_raw": 0.4014448245338444,
    "spearman_vs_judge_raw": 0.40224054158597544
  },
  "semantic_similarity": {
    "n": 7954,
    "pearson_vs_judge_raw": 0.09881624180401691,
    "spearman_vs_judge_raw": 0.08120919722228062
  },
  "bertscore": {
    "n": 7954,
    "pearson_vs_judge_raw": 0.20016068159597855,
    "spearman_vs_judge_raw": 0.16472114035889915
  },
  "moverscore": {
    "n": 7900,
    "pearson_vs_judge_raw": 0.3669679610542594,
    "spearman_vs_judge_raw": 0.31830903525926607
  }
}